/*
INSERT [dbo].[Statuses] ([Id], [Name]) VALUES (-1, N'Unknown')
INSERT [dbo].[Statuses] ([Id], [Name]) VALUES (0, N'Inactive')
INSERT [dbo].[Statuses] ([Id], [Name]) VALUES (1, N'Active')
INSERT [dbo].[Statuses] ([Id], [Name]) VALUES (2, N'In Maintenance')
INSERT [dbo].[Statuses] ([Id], [Name]) VALUES (9, N'Hold')
/****** Object:  Table [dbo].[Metrics]    Script Date: 11/30/2011 11:07:19 ******/
INSERT [dbo].[Metrics] ([Id], [AdapterAssembly], [AdapterVersion], [AdapterClass], [IsInMaintenanceMode], [Name]) VALUES (N'b81c4387-fb8b-41ad-8146-00f142ac3f2c', N'Datavail.Delta.Agent.Plugin.SqlServer2000', N'4.0.2433.0', N'DatabaseFileSizePlugin', 0, N'Database File Size SQL 2000')
INSERT [dbo].[Metrics] ([Id], [AdapterAssembly], [AdapterVersion], [AdapterClass], [IsInMaintenanceMode], [Name]) VALUES (N'b23b42e6-a7cc-4b64-98f0-101a8fa90f22', N'Datavail.Delta.Agent.Plugin.SqlServer2008', N'4.0.2433.0', N'DatabaseServerLongRunningProcessPlugin', 0, N'Database Server Long Running Process SQL 2008')
INSERT [dbo].[Metrics] ([Id], [AdapterAssembly], [AdapterVersion], [AdapterClass], [IsInMaintenanceMode], [Name]) VALUES (N'9013abb7-47ac-4ff2-94f3-1b180c6a0798', N'Datavail.Delta.Agent.Plugin.SqlServer2005', N'4.0.2433.0', N'DatabaseServerTransactionalReplicationPlugin', 0, N'Database Server Transactional Replication SQL 2005')
INSERT [dbo].[Metrics] ([Id], [AdapterAssembly], [AdapterVersion], [AdapterClass], [IsInMaintenanceMode], [Name]) VALUES (N'073a95be-a2b5-4d89-b899-1b1d346ad5bb', N'Datavail.Delta.Agent.Plugin.SqlServer2008', N'4.0.2433.0', N'DatabaseFileSizePlugin', 0, N'Database File Size SQL 2008')
INSERT [dbo].[Metrics] ([Id], [AdapterAssembly], [AdapterVersion], [AdapterClass], [IsInMaintenanceMode], [Name]) VALUES (N'f0cf05ad-3fac-4d13-a138-1e7d0701d291', N'Datavail.Delta.Agent.Plugin.SqlServer2000', N'4.0.2433.0', N'DatabaseServerInstanceUptimePlugin', 0, N'Database Server Instance Uptime SQL 2000')
INSERT [dbo].[Metrics] ([Id], [AdapterAssembly], [AdapterVersion], [AdapterClass], [IsInMaintenanceMode], [Name]) VALUES (N'e90f9462-606b-411e-a684-25dcc67b09d3', N'Datavail.Delta.Agent.Plugin.SqlServer2005', N'4.0.2433.0', N'DatabaseServerBlockingPlugin', 0, N'Database Server Blocking SQL 2005')
INSERT [dbo].[Metrics] ([Id], [AdapterAssembly], [AdapterVersion], [AdapterClass], [IsInMaintenanceMode], [Name]) VALUES (N'f00dab1d-3511-4eac-ba11-26b83bc7bcbf', N'Datavail.Delta.Agent.Plugin.SqlServer2000', N'4.0.2433.0', N'DatabaseServerJobsPlugin', 0, N'Database Server Jobs SQL 2000')
INSERT [dbo].[Metrics] ([Id], [AdapterAssembly], [AdapterVersion], [AdapterClass], [IsInMaintenanceMode], [Name]) VALUES (N'67eac6eb-a3a1-410c-b10e-2886819cd860', N'Datavail.Delta.Agent.Plugin.Host', N'4.0.2408.0', N'ServiceStatusPlugin', 0, N'Service Status')
INSERT [dbo].[Metrics] ([Id], [AdapterAssembly], [AdapterVersion], [AdapterClass], [IsInMaintenanceMode], [Name]) VALUES (N'be041359-7382-4561-9895-30da722892a4', N'Datavail.Delta.Agent.Plugin.SqlServer2008', N'4.0.2433.0', N'DatabaseServerJobsPlugin', 0, N'Database Server Jobs SQL 2008')
INSERT [dbo].[Metrics] ([Id], [AdapterAssembly], [AdapterVersion], [AdapterClass], [IsInMaintenanceMode], [Name]) VALUES (N'15961dd5-154a-42f7-a5fa-3367f152a1c5', N'Datavail.Delta.Agent.Plugin.Host', N'4.0.2408.0', N'CpuPlugin', 0, N'CPU')
INSERT [dbo].[Metrics] ([Id], [AdapterAssembly], [AdapterVersion], [AdapterClass], [IsInMaintenanceMode], [Name]) VALUES (N'ee2ace54-c666-426a-8ce2-39aa33005eea', N'Datavail.Delta.Agent.Plugin.MsCluster', N'4.0.2408.0', N'MsClusterNodeStatusPlugin', 0, N'Cluster Node Status')
INSERT [dbo].[Metrics] ([Id], [AdapterAssembly], [AdapterVersion], [AdapterClass], [IsInMaintenanceMode], [Name]) VALUES (N'0f63cbc2-ac56-455d-b260-4a6a01cfd02d', N'Datavail.Delta.Agent.Plugin.SqlServer2008', N'4.0.2433.0', N'DatabaseServerTransactionalReplicationPlugin', 0, N'Database Server Transactional Replication SQL 2008')
INSERT [dbo].[Metrics] ([Id], [AdapterAssembly], [AdapterVersion], [AdapterClass], [IsInMaintenanceMode], [Name]) VALUES (N'5ac60801-a66a-4967-8bdd-4bc1cffcc652', N'Datavail.Delta.Agent.Plugin.CheckIn', N'4.0.2408.0', N'CheckInPlugin', 0, N'Check In')
INSERT [dbo].[Metrics] ([Id], [AdapterAssembly], [AdapterVersion], [AdapterClass], [IsInMaintenanceMode], [Name]) VALUES (N'78c68287-a414-44b4-a882-5467b0cbb61e', N'Datavail.Delta.Agent.Plugin.SqlServer2000', N'4.0.2433.0', N'DatabaseServerTransactionalReplicationPlugin', 0, N'Database Server Transactional Replication SQL 2000')
INSERT [dbo].[Metrics] ([Id], [AdapterAssembly], [AdapterVersion], [AdapterClass], [IsInMaintenanceMode], [Name]) VALUES (N'fcf69d06-c5d1-41a5-a4cf-571a8a55cfa0', N'Datavail.Delta.Agent.Plugin.SqlServer2000', N'4.0.2433.0', N'DatabaseStatusPlugin', 0, N'Database Status SQL 2000')
INSERT [dbo].[Metrics] ([Id], [AdapterAssembly], [AdapterVersion], [AdapterClass], [IsInMaintenanceMode], [Name]) VALUES (N'dd753422-a7a4-4aa4-9ad3-5725067c8be2', N'Datavail.Delta.Agent.Plugin.SqlServer2008', N'4.0.2433.0', N'DatabaseServerBlockingPlugin', 0, N'Database Server Blocking SQL 2008')
INSERT [dbo].[Metrics] ([Id], [AdapterAssembly], [AdapterVersion], [AdapterClass], [IsInMaintenanceMode], [Name]) VALUES (N'b2113fd2-42f4-4774-8466-5bdc32f7a1f5', N'Datavail.Delta.Agent.Plugin.Host', N'4.0.2408.0', N'RamPlugin', 0, N'RAM')
INSERT [dbo].[Metrics] ([Id], [AdapterAssembly], [AdapterVersion], [AdapterClass], [IsInMaintenanceMode], [Name]) VALUES (N'eeb705a8-babf-4c7b-a3dc-69712c6d0e2d', N'Datavail.Delta.Agent.Plugin.SqlServer2005', N'4.0.2433.0', N'DatabaseInventoryPlugin', 0, N'Database Inventory SQL 2005')
INSERT [dbo].[Metrics] ([Id], [AdapterAssembly], [AdapterVersion], [AdapterClass], [IsInMaintenanceMode], [Name]) VALUES (N'394bd6a6-cc18-4abe-8520-69846d881681', N'Datavail.Delta.Agent.Plugin.SqlServer2005', N'4.0.2433.0', N'DatabaseServerInstanceUptimePlugin', 0, N'Database Server Instance Uptime SQL 2005')
INSERT [dbo].[Metrics] ([Id], [AdapterAssembly], [AdapterVersion], [AdapterClass], [IsInMaintenanceMode], [Name]) VALUES (N'f4db0e01-7e22-4db2-a266-6e416779dde4', N'Datavail.Delta.Agent.Plugin.SqlServer2005', N'4.0.2433.0', N'DatabaseServerLongRunningProcessPlugin', 0, N'Database Server Long Running Process SQL 2005')
INSERT [dbo].[Metrics] ([Id], [AdapterAssembly], [AdapterVersion], [AdapterClass], [IsInMaintenanceMode], [Name]) VALUES (N'fc77f3c1-6961-4c0a-ac7f-6e6faa9743e5', N'Datavail.Delta.Agent.Plugin.SqlServer2000', N'4.0.2433.0', N'DatabaseServerMergeReplicationPlugin', 0, N'Database Server Merge Replication SQL 2000')
INSERT [dbo].[Metrics] ([Id], [AdapterAssembly], [AdapterVersion], [AdapterClass], [IsInMaintenanceMode], [Name]) VALUES (N'699fbd4b-459e-47db-b540-714c0eece915', N'Datavail.Delta.Agent.Plugin.SqlServer2000', N'4.0.2433.0', N'DatabaseServerBlockingPlugin', 0, N'Database Server Blocking SQL 2000')
INSERT [dbo].[Metrics] ([Id], [AdapterAssembly], [AdapterVersion], [AdapterClass], [IsInMaintenanceMode], [Name]) VALUES (N'cf0ea2a5-1dfa-457e-ae03-724205848fea', N'Datavail.Delta.Agent.Plugin.SqlServer2005', N'4.0.2433.0', N'DatabaseServerMergeReplicationPlugin', 0, N'Database Server Merge Replication SQL 2005')
INSERT [dbo].[Metrics] ([Id], [AdapterAssembly], [AdapterVersion], [AdapterClass], [IsInMaintenanceMode], [Name]) VALUES (N'378d9f82-6a91-4dc7-8d0d-864969814073', N'Datavail.Delta.Agent.Plugin.SqlServer2008', N'4.0.2433.0', N'DatabaseServerInstanceUptimePlugin', 0, N'Database Server Instance Uptime SQL 2008')
INSERT [dbo].[Metrics] ([Id], [AdapterAssembly], [AdapterVersion], [AdapterClass], [IsInMaintenanceMode], [Name]) VALUES (N'ce48d35c-8c91-46a0-96d7-8f2446f8974e', N'Datavail.Delta.Agent.Plugin.SqlServer2008', N'4.0.2433.0', N'DatabaseServerPerformanceCountersPlugin', 0, N'Database Server Performance Counters SQL 2008')
INSERT [dbo].[Metrics] ([Id], [AdapterAssembly], [AdapterVersion], [AdapterClass], [IsInMaintenanceMode], [Name]) VALUES (N'82d2c023-f418-4dba-bd34-971c1d2b398f', N'Datavail.Delta.Agent.Plugin.Host', N'4.0.2408.0', N'DiskInventoryPlugin', 0, N'Disk Inventory')
INSERT [dbo].[Metrics] ([Id], [AdapterAssembly], [AdapterVersion], [AdapterClass], [IsInMaintenanceMode], [Name]) VALUES (N'1e6870c1-0717-45d7-bcdb-a3c3c7e19ffc', N'Datavail.Delta.Agent.Plugin.SqlServer2005', N'4.0.2433.0', N'DatabaseStatusPlugin', 0, N'Database Status SQL 2005')
INSERT [dbo].[Metrics] ([Id], [AdapterAssembly], [AdapterVersion], [AdapterClass], [IsInMaintenanceMode], [Name]) VALUES (N'7812ded5-7f5b-4a9e-9cf4-a54873e6e27b', N'Datavail.Delta.Agent.Plugin.SqlServer2008', N'4.0.2433.0', N'DatabaseServerMergeReplicationPlugin', 0, N'Database Server Merge Replication SQL 2008')
INSERT [dbo].[Metrics] ([Id], [AdapterAssembly], [AdapterVersion], [AdapterClass], [IsInMaintenanceMode], [Name]) VALUES (N'93e3746a-2243-4a8d-8fe1-af794cdb376d', N'Datavail.Delta.Agent.Plugin.SqlServer2005', N'4.0.2433.0', N'DatabaseBackupStatusPlugin', 0, N'Database Backup Status SQL 2005')
INSERT [dbo].[Metrics] ([Id], [AdapterAssembly], [AdapterVersion], [AdapterClass], [IsInMaintenanceMode], [Name]) VALUES (N'0d31a838-de59-4375-acdf-afaba422d6a2', N'Datavail.Delta.Agent.Plugin.SqlServer2005', N'4.0.2433.0', N'DatabaseFileSizePlugin', 0, N'Database File Size SQL 2005')
INSERT [dbo].[Metrics] ([Id], [AdapterAssembly], [AdapterVersion], [AdapterClass], [IsInMaintenanceMode], [Name]) VALUES (N'0691c1dc-25b4-4634-9e07-b98499df4156', N'Datavail.Delta.Agent.Plugin.MsCluster', N'4.0.2408.0', N'MsClusterGroupStatusPlugin', 0, N'Cluster Group Status')
INSERT [dbo].[Metrics] ([Id], [AdapterAssembly], [AdapterVersion], [AdapterClass], [IsInMaintenanceMode], [Name]) VALUES (N'6d2bc85f-299e-419b-a401-d5ff401c81cb', N'Datavail.Delta.Agent.Plugin.SqlServer2000', N'4.0.2433.0', N'DatabaseServerLongRunningProcessPlugin', 0, N'Database Server Long Running Process SQL 2000')
INSERT [dbo].[Metrics] ([Id], [AdapterAssembly], [AdapterVersion], [AdapterClass], [IsInMaintenanceMode], [Name]) VALUES (N'68dca0a3-35ab-4ca9-992a-e1af51e7f405', N'Datavail.Delta.Agent.Plugin.SqlServer2008', N'4.0.2433.0', N'DatabaseInventoryPlugin', 0, N'Database Inventory SQL 2008')
INSERT [dbo].[Metrics] ([Id], [AdapterAssembly], [AdapterVersion], [AdapterClass], [IsInMaintenanceMode], [Name]) VALUES (N'c89ccce3-58ae-4968-ad8e-e8e6efeb5bbc', N'Datavail.Delta.Agent.Plugin.LogWatcher', N'4.0.2439.0', N'LogWatcherPlugin', 0, N'Log Watcher Plugin')
INSERT [dbo].[Metrics] ([Id], [AdapterAssembly], [AdapterVersion], [AdapterClass], [IsInMaintenanceMode], [Name]) VALUES (N'36893053-6850-41c7-bc0a-ea532d29b393', N'Datavail.Delta.Agent.Plugin.SqlServer2008', N'4.0.2433.0', N'DatabaseBackupStatusPlugin', 0, N'Database Backup Status SQL 2008')
INSERT [dbo].[Metrics] ([Id], [AdapterAssembly], [AdapterVersion], [AdapterClass], [IsInMaintenanceMode], [Name]) VALUES (N'4237650e-81c6-4b32-a496-ea99f3041dc3', N'Datavail.Delta.Agent.Plugin.SqlServer2005', N'4.0.2433.0', N'DatabaseServerPerformanceCountersPlugin', 0, N'Database Server Performance Counters SQL 2005')
INSERT [dbo].[Metrics] ([Id], [AdapterAssembly], [AdapterVersion], [AdapterClass], [IsInMaintenanceMode], [Name]) VALUES (N'6900fd30-814c-4716-affd-eae4d4eaae04', N'Datavail.Delta.Agent.Plugin.SqlServer2000', N'4.0.2433.0', N'DatabaseServerPerformanceCountersPlugin', 0, N'Database Server Performance Counters SQL 2000')
INSERT [dbo].[Metrics] ([Id], [AdapterAssembly], [AdapterVersion], [AdapterClass], [IsInMaintenanceMode], [Name]) VALUES (N'9679f3b4-5b08-45cb-8292-eec942d8cd0c', N'Datavail.Delta.Agent.Plugin.SqlServer2008', N'4.0.2433.0', N'DatabaseStatusPlugin', 0, N'Database Status SQL 2008')
INSERT [dbo].[Metrics] ([Id], [AdapterAssembly], [AdapterVersion], [AdapterClass], [IsInMaintenanceMode], [Name]) VALUES (N'01c01abe-b18f-4c9f-9aa2-f2c8aca9278d', N'Datavail.Delta.Agent.Plugin.SqlServer2005', N'4.0.2433.0', N'DatabaseServerJobsPlugin', 0, N'Database Server Jobs SQL 2005')
INSERT [dbo].[Metrics] ([Id], [AdapterAssembly], [AdapterVersion], [AdapterClass], [IsInMaintenanceMode], [Name]) VALUES (N'84ebd88d-049d-486e-adf5-f4c16c53d45a', N'Datavail.Delta.Agent.Plugin.SqlServer2000', N'4.0.2433.0', N'DatabaseInventoryPlugin', 0, N'Database Inventory SQL 2000')
INSERT [dbo].[Metrics] ([Id], [AdapterAssembly], [AdapterVersion], [AdapterClass], [IsInMaintenanceMode], [Name]) VALUES (N'ec870660-de53-42f5-a13e-f7e43c672d7c', N'Datavail.Delta.Agent.Plugin.SqlServer2000', N'4.0.2433.0', N'DatabaseBackupStatusPlugin', 0, N'Database Backup Status SQL 2000')
INSERT [dbo].[Metrics] ([Id], [AdapterAssembly], [AdapterVersion], [AdapterClass], [IsInMaintenanceMode], [Name]) VALUES (N'2979c492-5fec-44fe-90c7-fffd89282f31', N'Datavail.Delta.Agent.Plugin.Host', N'4.0.2408.0', N'DiskPlugin', 0, N'Disk')
/****** Object:  Table [dbo].[Users]    Script Date: 11/30/2011 11:07:29 ******/
INSERT [dbo].[Users] ([Id], [EmailAddress], [FirstName], [LastName], [PasswordHash], [PasswordSalt]) VALUES (N'55829c66-aabe-49cd-a0ec-607566f482fb', N'matt.calhoun@datavail.com', N'Matt', N'Calhoun', N'????6x??N>??rT?P?O?d?E?n???p?4?', N'u????')
INSERT [dbo].[Users] ([Id], [EmailAddress], [FirstName], [LastName], [PasswordHash], [PasswordSalt]) VALUES (N'8b5cf6d4-cf5b-4752-9f8b-7db3a42587c1', N'rich.beaudoin@datavail.com', N'Rich', N'Beaudoin', N'7?U&??es?????ˆ?i???4??#V??', N':[??V?I??')
INSERT [dbo].[Users] ([Id], [EmailAddress], [FirstName], [LastName], [PasswordHash], [PasswordSalt]) VALUES (N'4e3c391b-112f-47ef-801b-813a99042846', N'MrT@datavail.com', N'Mr.', N'T', N'?S??''~?{?~?????*??`?????1???', N'6N??*R???')
INSERT [dbo].[Users] ([Id], [EmailAddress], [FirstName], [LastName], [PasswordHash], [PasswordSalt]) VALUES (N'53f152ee-239c-408b-8065-9de09fe318fd', N'eric.russo@datavail.com', N'Eric', N'Russo', N'??l??NP?J?U??B%:z?D?Ln?8???', N'????h??')
INSERT [dbo].[Users] ([Id], [EmailAddress], [FirstName], [LastName], [PasswordHash], [PasswordSalt]) VALUES (N'08aa8ac3-0cda-49ca-8afc-b022b6f61aed', N'mehul.joshi@datavail.com', N'Mehul', N'Joshi', N'??`???`?S?yJ??~?O??F?????o??1?', N'P.\;?''w')
/****** Object:  Table [dbo].[Tenants]    Script Date: 11/30/2011 11:07:27 ******/
INSERT [dbo].[Tenants] ([Id], [IsInMaintenanceMode], [Name], [Status_Id]) VALUES (N'1a19a18a-846c-49da-93c1-8948afdc0151', 0, N'Datavail', 1)
/****** Object:  Table [dbo].[Customers]    Script Date: 11/30/2011 11:07:15 ******/
INSERT [dbo].[Customers] ([Id], [IsInMaintenanceMode], [Name], [Status_Id], [Tenant_Id]) VALUES (N'e44f16fa-a954-455f-871b-49b9e3206991', 0, N'Datavail Internal', 1, N'1a19a18a-846c-49da-93c1-8948afdc0151')
/****** Object:  Table [dbo].[MetricConfigurations]    Script Date: 11/30/2011 11:07:17 ******/
INSERT [dbo].[MetricConfigurations] ([Id], [IsTemplate], [Name], [Metric_Id], [Customer_Id], [ServerGroup_Id], [Server_Id], [MetricInstance_Id], [Tenant_Id]) VALUES (N'5762553e-339e-4064-be11-2b96964ba9ce', 0, N'Database Server Transactional Replication SQL 2005 Default Configuration', N'9013abb7-47ac-4ff2-94f3-1b180c6a0798', NULL, NULL, NULL, NULL, NULL)
INSERT [dbo].[MetricConfigurations] ([Id], [IsTemplate], [Name], [Metric_Id], [Customer_Id], [ServerGroup_Id], [Server_Id], [MetricInstance_Id], [Tenant_Id]) VALUES (N'7589570f-1970-4a24-ab8b-2d3766623934', 0, N'Database Server Long Running Process SQL 2005 Default Configuration', N'f4db0e01-7e22-4db2-a266-6e416779dde4', NULL, NULL, NULL, NULL, NULL)
INSERT [dbo].[MetricConfigurations] ([Id], [IsTemplate], [Name], [Metric_Id], [Customer_Id], [ServerGroup_Id], [Server_Id], [MetricInstance_Id], [Tenant_Id]) VALUES (N'4a80fb8f-52aa-4aff-a647-31b62308ae64', 0, N'Service Status Default Configuration', N'67eac6eb-a3a1-410c-b10e-2886819cd860', NULL, NULL, NULL, NULL, NULL)
INSERT [dbo].[MetricConfigurations] ([Id], [IsTemplate], [Name], [Metric_Id], [Customer_Id], [ServerGroup_Id], [Server_Id], [MetricInstance_Id], [Tenant_Id]) VALUES (N'd19ef857-2f57-4d78-a801-35cdd65cfe3b', 0, N'Log Watcher Plugin Default Configuration', N'c89ccce3-58ae-4968-ad8e-e8e6efeb5bbc', NULL, NULL, NULL, NULL, NULL)
INSERT [dbo].[MetricConfigurations] ([Id], [IsTemplate], [Name], [Metric_Id], [Customer_Id], [ServerGroup_Id], [Server_Id], [MetricInstance_Id], [Tenant_Id]) VALUES (N'ca127693-4ced-4469-8107-373ec9259e3d', 0, N'Database Backup Status SQL 2008 Default Configuration', N'36893053-6850-41c7-bc0a-ea532d29b393', NULL, NULL, NULL, NULL, NULL)
INSERT [dbo].[MetricConfigurations] ([Id], [IsTemplate], [Name], [Metric_Id], [Customer_Id], [ServerGroup_Id], [Server_Id], [MetricInstance_Id], [Tenant_Id]) VALUES (N'ddc924fa-4be1-42ae-af2e-4192468e7bca', 0, N'Database Server Merge Replication SQL 2000 Default Configuration', N'fc77f3c1-6961-4c0a-ac7f-6e6faa9743e5', NULL, NULL, NULL, NULL, NULL)
INSERT [dbo].[MetricConfigurations] ([Id], [IsTemplate], [Name], [Metric_Id], [Customer_Id], [ServerGroup_Id], [Server_Id], [MetricInstance_Id], [Tenant_Id]) VALUES (N'1627a295-908a-450a-a4e7-49749a616b89', 0, N'Disk Inventory Default Configuration', N'82d2c023-f418-4dba-bd34-971c1d2b398f', NULL, NULL, NULL, NULL, NULL)
INSERT [dbo].[MetricConfigurations] ([Id], [IsTemplate], [Name], [Metric_Id], [Customer_Id], [ServerGroup_Id], [Server_Id], [MetricInstance_Id], [Tenant_Id]) VALUES (N'cca74cb4-6447-413f-ad5c-4aca19e5f531', 0, N'Disk Default Configuration', N'2979c492-5fec-44fe-90c7-fffd89282f31', NULL, NULL, NULL, NULL, NULL)
INSERT [dbo].[MetricConfigurations] ([Id], [IsTemplate], [Name], [Metric_Id], [Customer_Id], [ServerGroup_Id], [Server_Id], [MetricInstance_Id], [Tenant_Id]) VALUES (N'9d868e70-ff37-4519-a43d-53c444f0407b', 0, N'Database File Size SQL 2000 Default Configuration', N'b81c4387-fb8b-41ad-8146-00f142ac3f2c', NULL, NULL, NULL, NULL, NULL)
INSERT [dbo].[MetricConfigurations] ([Id], [IsTemplate], [Name], [Metric_Id], [Customer_Id], [ServerGroup_Id], [Server_Id], [MetricInstance_Id], [Tenant_Id]) VALUES (N'6ee011ac-b8f7-4478-8328-5523715b621a', 0, N'Database Inventory SQL 2005 Default Configuration', N'eeb705a8-babf-4c7b-a3dc-69712c6d0e2d', NULL, NULL, NULL, NULL, NULL)
INSERT [dbo].[MetricConfigurations] ([Id], [IsTemplate], [Name], [Metric_Id], [Customer_Id], [ServerGroup_Id], [Server_Id], [MetricInstance_Id], [Tenant_Id]) VALUES (N'10cb19d6-7a22-42fc-b0a3-565de028e8b2', 0, N'Database Inventory SQL 2000 Default Configuration', N'84ebd88d-049d-486e-adf5-f4c16c53d45a', NULL, NULL, NULL, NULL, NULL)
INSERT [dbo].[MetricConfigurations] ([Id], [IsTemplate], [Name], [Metric_Id], [Customer_Id], [ServerGroup_Id], [Server_Id], [MetricInstance_Id], [Tenant_Id]) VALUES (N'acdb662a-49e0-4bac-a6e5-597527e51e3d', 0, N'Database Server Long Running Process SQL 2008 Default Configuration', N'b23b42e6-a7cc-4b64-98f0-101a8fa90f22', NULL, NULL, NULL, NULL, NULL)
INSERT [dbo].[MetricConfigurations] ([Id], [IsTemplate], [Name], [Metric_Id], [Customer_Id], [ServerGroup_Id], [Server_Id], [MetricInstance_Id], [Tenant_Id]) VALUES (N'eeaec0b3-29f2-426e-bde1-5a5e38ec1dc9', 0, N'Database Server Performance Counters SQL 2000 Default Configuration', N'6900fd30-814c-4716-affd-eae4d4eaae04', NULL, NULL, NULL, NULL, NULL)
INSERT [dbo].[MetricConfigurations] ([Id], [IsTemplate], [Name], [Metric_Id], [Customer_Id], [ServerGroup_Id], [Server_Id], [MetricInstance_Id], [Tenant_Id]) VALUES (N'02c43406-29d6-4556-bd0a-5d8309d3e7d9', 0, N'Database Server Performance Counters SQL 2008 Default Configuration', N'ce48d35c-8c91-46a0-96d7-8f2446f8974e', NULL, NULL, NULL, NULL, NULL)
INSERT [dbo].[MetricConfigurations] ([Id], [IsTemplate], [Name], [Metric_Id], [Customer_Id], [ServerGroup_Id], [Server_Id], [MetricInstance_Id], [Tenant_Id]) VALUES (N'869b6afc-4d98-4932-9902-5f99d1a665f2', 0, N'Database Backup Status SQL 2005 Default Configuration', N'93e3746a-2243-4a8d-8fe1-af794cdb376d', NULL, NULL, NULL, NULL, NULL)
INSERT [dbo].[MetricConfigurations] ([Id], [IsTemplate], [Name], [Metric_Id], [Customer_Id], [ServerGroup_Id], [Server_Id], [MetricInstance_Id], [Tenant_Id]) VALUES (N'406bb4cb-3d9d-44aa-b9bf-6141616c57da', 0, N'Database Server Transactional Replication SQL 2000 Default Configuration', N'78c68287-a414-44b4-a882-5467b0cbb61e', NULL, NULL, NULL, NULL, NULL)
INSERT [dbo].[MetricConfigurations] ([Id], [IsTemplate], [Name], [Metric_Id], [Customer_Id], [ServerGroup_Id], [Server_Id], [MetricInstance_Id], [Tenant_Id]) VALUES (N'bf00d76d-93d6-4ddf-a12b-76231b7433e3', 0, N'Database Server Blocking SQL 2008 Default Configuration', N'dd753422-a7a4-4aa4-9ad3-5725067c8be2', NULL, NULL, NULL, NULL, NULL)
INSERT [dbo].[MetricConfigurations] ([Id], [IsTemplate], [Name], [Metric_Id], [Customer_Id], [ServerGroup_Id], [Server_Id], [MetricInstance_Id], [Tenant_Id]) VALUES (N'7c3171ff-f245-4ba0-aa2b-79627dd9997e', 0, N'RAM Default Configuration', N'b2113fd2-42f4-4774-8466-5bdc32f7a1f5', NULL, NULL, NULL, NULL, NULL)
INSERT [dbo].[MetricConfigurations] ([Id], [IsTemplate], [Name], [Metric_Id], [Customer_Id], [ServerGroup_Id], [Server_Id], [MetricInstance_Id], [Tenant_Id]) VALUES (N'e90a44bd-e593-4245-94bb-82e5f6a8ca28', 0, N'Database Inventory SQL 2008 Default Configuration', N'68dca0a3-35ab-4ca9-992a-e1af51e7f405', NULL, NULL, NULL, NULL, NULL)
INSERT [dbo].[MetricConfigurations] ([Id], [IsTemplate], [Name], [Metric_Id], [Customer_Id], [ServerGroup_Id], [Server_Id], [MetricInstance_Id], [Tenant_Id]) VALUES (N'49a4d99e-7ded-4d04-b89c-8c8f75d95784', 0, N'Database Server Instance Uptime SQL 2005 Default Configuration', N'394bd6a6-cc18-4abe-8520-69846d881681', NULL, NULL, NULL, NULL, NULL)
INSERT [dbo].[MetricConfigurations] ([Id], [IsTemplate], [Name], [Metric_Id], [Customer_Id], [ServerGroup_Id], [Server_Id], [MetricInstance_Id], [Tenant_Id]) VALUES (N'12dcd9b2-4ecc-4f43-af10-95e8f5fd1f78', 0, N'Database Status SQL 2008 Default Configuration', N'9679f3b4-5b08-45cb-8292-eec942d8cd0c', NULL, NULL, NULL, NULL, NULL)
INSERT [dbo].[MetricConfigurations] ([Id], [IsTemplate], [Name], [Metric_Id], [Customer_Id], [ServerGroup_Id], [Server_Id], [MetricInstance_Id], [Tenant_Id]) VALUES (N'3c4570bd-fdd7-4efc-a828-9f89690605ac', 0, N'CPU Default Configuration', N'15961dd5-154a-42f7-a5fa-3367f152a1c5', NULL, NULL, NULL, NULL, NULL)
INSERT [dbo].[MetricConfigurations] ([Id], [IsTemplate], [Name], [Metric_Id], [Customer_Id], [ServerGroup_Id], [Server_Id], [MetricInstance_Id], [Tenant_Id]) VALUES (N'bdd36e19-8a41-4bdb-ab19-a2dfdc715c60', 0, N'Database Backup Status SQL 2000 Default Configuration', N'ec870660-de53-42f5-a13e-f7e43c672d7c', NULL, NULL, NULL, NULL, NULL)
INSERT [dbo].[MetricConfigurations] ([Id], [IsTemplate], [Name], [Metric_Id], [Customer_Id], [ServerGroup_Id], [Server_Id], [MetricInstance_Id], [Tenant_Id]) VALUES (N'e9a058a9-330d-4f3c-959c-a3d23109328a', 0, N'Cluster Group Status Default Configuration', N'0691c1dc-25b4-4634-9e07-b98499df4156', NULL, NULL, NULL, NULL, NULL)
INSERT [dbo].[MetricConfigurations] ([Id], [IsTemplate], [Name], [Metric_Id], [Customer_Id], [ServerGroup_Id], [Server_Id], [MetricInstance_Id], [Tenant_Id]) VALUES (N'dff9d518-2f69-4b9a-b079-a925327c45ad', 0, N'Database Server Instance Uptime SQL 2000 Default Configuration', N'f0cf05ad-3fac-4d13-a138-1e7d0701d291', NULL, NULL, NULL, NULL, NULL)
INSERT [dbo].[MetricConfigurations] ([Id], [IsTemplate], [Name], [Metric_Id], [Customer_Id], [ServerGroup_Id], [Server_Id], [MetricInstance_Id], [Tenant_Id]) VALUES (N'd7a1b096-7837-4664-bed7-ab012c6d2293', 0, N'Database File Size SQL 2008 Default Configuration', N'073a95be-a2b5-4d89-b899-1b1d346ad5bb', NULL, NULL, NULL, NULL, NULL)
INSERT [dbo].[MetricConfigurations] ([Id], [IsTemplate], [Name], [Metric_Id], [Customer_Id], [ServerGroup_Id], [Server_Id], [MetricInstance_Id], [Tenant_Id]) VALUES (N'55155a30-e104-473b-8e62-acade49c9b92', 0, N'Database Server Merge Replication SQL 2005 Default Configuration', N'cf0ea2a5-1dfa-457e-ae03-724205848fea', NULL, NULL, NULL, NULL, NULL)
INSERT [dbo].[MetricConfigurations] ([Id], [IsTemplate], [Name], [Metric_Id], [Customer_Id], [ServerGroup_Id], [Server_Id], [MetricInstance_Id], [Tenant_Id]) VALUES (N'b9a7626b-1cd1-4a11-814e-ad56954e9f0b', 0, N'Database Server Blocking SQL 2005 Default Configuration', N'e90f9462-606b-411e-a684-25dcc67b09d3', NULL, NULL, NULL, NULL, NULL)
INSERT [dbo].[MetricConfigurations] ([Id], [IsTemplate], [Name], [Metric_Id], [Customer_Id], [ServerGroup_Id], [Server_Id], [MetricInstance_Id], [Tenant_Id]) VALUES (N'e193470c-9fd7-4ca3-b944-bdcc1c3a7b4f', 0, N'Cluster Node Status Default Configuration', N'ee2ace54-c666-426a-8ce2-39aa33005eea', NULL, NULL, NULL, NULL, NULL)
INSERT [dbo].[MetricConfigurations] ([Id], [IsTemplate], [Name], [Metric_Id], [Customer_Id], [ServerGroup_Id], [Server_Id], [MetricInstance_Id], [Tenant_Id]) VALUES (N'707ee1c9-c8f0-4cfb-bbed-c095774c38a2', 0, N'Database Server Jobs SQL 2008 Default Configuration', N'be041359-7382-4561-9895-30da722892a4', NULL, NULL, NULL, NULL, NULL)
INSERT [dbo].[MetricConfigurations] ([Id], [IsTemplate], [Name], [Metric_Id], [Customer_Id], [ServerGroup_Id], [Server_Id], [MetricInstance_Id], [Tenant_Id]) VALUES (N'ad0af463-415e-46b4-bdab-c676f62dbd66', 0, N'Database File Size SQL 2005 Default Configuration', N'0d31a838-de59-4375-acdf-afaba422d6a2', NULL, NULL, NULL, NULL, NULL)
INSERT [dbo].[MetricConfigurations] ([Id], [IsTemplate], [Name], [Metric_Id], [Customer_Id], [ServerGroup_Id], [Server_Id], [MetricInstance_Id], [Tenant_Id]) VALUES (N'30f6993c-cda0-4e96-9f67-c76ad85f51e7', 0, N'Database Status SQL 2005 Default Configuration', N'1e6870c1-0717-45d7-bcdb-a3c3c7e19ffc', NULL, NULL, NULL, NULL, NULL)
INSERT [dbo].[MetricConfigurations] ([Id], [IsTemplate], [Name], [Metric_Id], [Customer_Id], [ServerGroup_Id], [Server_Id], [MetricInstance_Id], [Tenant_Id]) VALUES (N'2ab682e2-28fa-411b-bbb1-c92d788408a9', 0, N'Database Server Transactional Replication SQL 2008 Default Configuration', N'0f63cbc2-ac56-455d-b260-4a6a01cfd02d', NULL, NULL, NULL, NULL, NULL)
INSERT [dbo].[MetricConfigurations] ([Id], [IsTemplate], [Name], [Metric_Id], [Customer_Id], [ServerGroup_Id], [Server_Id], [MetricInstance_Id], [Tenant_Id]) VALUES (N'c387fc51-903d-478b-b8e2-d3220b84fbfa', 0, N'Database Server Jobs SQL 2005 Default Configuration', N'01c01abe-b18f-4c9f-9aa2-f2c8aca9278d', NULL, NULL, NULL, NULL, NULL)
INSERT [dbo].[MetricConfigurations] ([Id], [IsTemplate], [Name], [Metric_Id], [Customer_Id], [ServerGroup_Id], [Server_Id], [MetricInstance_Id], [Tenant_Id]) VALUES (N'1e458a43-9eb8-4462-be87-d60f1d38736e', 0, N'Database Status SQL 2000 Default Configuration', N'fcf69d06-c5d1-41a5-a4cf-571a8a55cfa0', NULL, NULL, NULL, NULL, NULL)
INSERT [dbo].[MetricConfigurations] ([Id], [IsTemplate], [Name], [Metric_Id], [Customer_Id], [ServerGroup_Id], [Server_Id], [MetricInstance_Id], [Tenant_Id]) VALUES (N'dce81481-ff04-46e8-9414-e3923438e342', 0, N'Database Server Performance Counters SQL 2005 Default Configuration', N'4237650e-81c6-4b32-a496-ea99f3041dc3', NULL, NULL, NULL, NULL, NULL)
INSERT [dbo].[MetricConfigurations] ([Id], [IsTemplate], [Name], [Metric_Id], [Customer_Id], [ServerGroup_Id], [Server_Id], [MetricInstance_Id], [Tenant_Id]) VALUES (N'32b04696-1f86-49d8-84ec-e8c6481c5b97', 0, N'Database Server Merge Replication SQL 2008 Default Configuration', N'7812ded5-7f5b-4a9e-9cf4-a54873e6e27b', NULL, NULL, NULL, NULL, NULL)
INSERT [dbo].[MetricConfigurations] ([Id], [IsTemplate], [Name], [Metric_Id], [Customer_Id], [ServerGroup_Id], [Server_Id], [MetricInstance_Id], [Tenant_Id]) VALUES (N'7851b31f-46c6-4fb5-9b50-ef330486b349', 0, N'Database Server Instance Uptime SQL 2008 Default Configuration', N'378d9f82-6a91-4dc7-8d0d-864969814073', NULL, NULL, NULL, NULL, NULL)
INSERT [dbo].[MetricConfigurations] ([Id], [IsTemplate], [Name], [Metric_Id], [Customer_Id], [ServerGroup_Id], [Server_Id], [MetricInstance_Id], [Tenant_Id]) VALUES (N'32add932-88ca-476c-abc7-f199679c7c1c', 0, N'Check In Default Configuration', N'5ac60801-a66a-4967-8bdd-4bc1cffcc652', NULL, NULL, NULL, NULL, NULL)
INSERT [dbo].[MetricConfigurations] ([Id], [IsTemplate], [Name], [Metric_Id], [Customer_Id], [ServerGroup_Id], [Server_Id], [MetricInstance_Id], [Tenant_Id]) VALUES (N'656c1e0d-b2c7-4f4d-8a4e-f2cdf3fff5c0', 0, N'Database Server Jobs SQL 2000 Default Configuration', N'f00dab1d-3511-4eac-ba11-26b83bc7bcbf', NULL, NULL, NULL, NULL, NULL)
INSERT [dbo].[MetricConfigurations] ([Id], [IsTemplate], [Name], [Metric_Id], [Customer_Id], [ServerGroup_Id], [Server_Id], [MetricInstance_Id], [Tenant_Id]) VALUES (N'e030f041-02ff-4db1-812d-f444d35b50bf', 0, N'Database Server Blocking SQL 2000 Default Configuration', N'699fbd4b-459e-47db-b540-714c0eece915', NULL, NULL, NULL, NULL, NULL)
INSERT [dbo].[MetricConfigurations] ([Id], [IsTemplate], [Name], [Metric_Id], [Customer_Id], [ServerGroup_Id], [Server_Id], [MetricInstance_Id], [Tenant_Id]) VALUES (N'f10a938c-1b79-4df7-bd52-f8633f908340', 0, N'Database Server Long Running Process SQL 2000 Default Configuration', N'6d2bc85f-299e-419b-a401-d5ff401c81cb', NULL, NULL, NULL, NULL, NULL)
/****** Object:  Table [dbo].[Schedules]    Script Date: 11/30/2011 11:07:24 ******/
INSERT [dbo].[Schedules] ([Id], [Day], [DayOfWeek], [Hour], [Month], [Minute], [ScheduleType_Id], [Interval], [MetricConfiguration_Id]) VALUES (N'934894bb-1e93-44a8-a429-01cf905a5f06', NULL, -1, NULL, NULL, NULL, 1, 1, N'869b6afc-4d98-4932-9902-5f99d1a665f2')
INSERT [dbo].[Schedules] ([Id], [Day], [DayOfWeek], [Hour], [Month], [Minute], [ScheduleType_Id], [Interval], [MetricConfiguration_Id]) VALUES (N'20440f6d-9d8b-420e-a1db-1217901387ca', NULL, -1, NULL, NULL, NULL, 1, 1, N'32b04696-1f86-49d8-84ec-e8c6481c5b97')
INSERT [dbo].[Schedules] ([Id], [Day], [DayOfWeek], [Hour], [Month], [Minute], [ScheduleType_Id], [Interval], [MetricConfiguration_Id]) VALUES (N'6f184653-1d13-4f51-8267-16092616ebab', NULL, -1, NULL, NULL, NULL, 1, 1, N'9d868e70-ff37-4519-a43d-53c444f0407b')
INSERT [dbo].[Schedules] ([Id], [Day], [DayOfWeek], [Hour], [Month], [Minute], [ScheduleType_Id], [Interval], [MetricConfiguration_Id]) VALUES (N'898e1b0d-d3b1-4510-92cc-1921612cdea0', NULL, -1, NULL, NULL, NULL, 1, 1, N'55155a30-e104-473b-8e62-acade49c9b92')
INSERT [dbo].[Schedules] ([Id], [Day], [DayOfWeek], [Hour], [Month], [Minute], [ScheduleType_Id], [Interval], [MetricConfiguration_Id]) VALUES (N'2231b820-2c59-4483-99bf-1a53039b8162', NULL, -1, NULL, NULL, NULL, 1, 1, N'49a4d99e-7ded-4d04-b89c-8c8f75d95784')
INSERT [dbo].[Schedules] ([Id], [Day], [DayOfWeek], [Hour], [Month], [Minute], [ScheduleType_Id], [Interval], [MetricConfiguration_Id]) VALUES (N'db0d85d1-1882-4866-b2e0-23fbdfe65133', NULL, -1, NULL, NULL, NULL, 1, 1, N'10cb19d6-7a22-42fc-b0a3-565de028e8b2')
INSERT [dbo].[Schedules] ([Id], [Day], [DayOfWeek], [Hour], [Month], [Minute], [ScheduleType_Id], [Interval], [MetricConfiguration_Id]) VALUES (N'053a14ba-fc41-42a2-9ced-500febb45ae5', NULL, -1, NULL, NULL, NULL, 1, 1, N'ddc924fa-4be1-42ae-af2e-4192468e7bca')
INSERT [dbo].[Schedules] ([Id], [Day], [DayOfWeek], [Hour], [Month], [Minute], [ScheduleType_Id], [Interval], [MetricConfiguration_Id]) VALUES (N'2189dce3-63c2-4980-b75d-5112ef9511fc', NULL, -1, NULL, NULL, NULL, 1, 1, N'dff9d518-2f69-4b9a-b079-a925327c45ad')
INSERT [dbo].[Schedules] ([Id], [Day], [DayOfWeek], [Hour], [Month], [Minute], [ScheduleType_Id], [Interval], [MetricConfiguration_Id]) VALUES (N'8d6c276c-47d2-4e69-998b-519b7c886e07', NULL, -1, NULL, NULL, NULL, 1, 1, N'acdb662a-49e0-4bac-a6e5-597527e51e3d')
INSERT [dbo].[Schedules] ([Id], [Day], [DayOfWeek], [Hour], [Month], [Minute], [ScheduleType_Id], [Interval], [MetricConfiguration_Id]) VALUES (N'c797525f-325f-451b-b4a6-55eccbc05263', NULL, -1, NULL, NULL, NULL, 1, 1, N'6ee011ac-b8f7-4478-8328-5523715b621a')
INSERT [dbo].[Schedules] ([Id], [Day], [DayOfWeek], [Hour], [Month], [Minute], [ScheduleType_Id], [Interval], [MetricConfiguration_Id]) VALUES (N'f019080b-1213-4129-b637-59b4d4cb0522', NULL, -1, NULL, NULL, NULL, -1, 1, N'd19ef857-2f57-4d78-a801-35cdd65cfe3b')
INSERT [dbo].[Schedules] ([Id], [Day], [DayOfWeek], [Hour], [Month], [Minute], [ScheduleType_Id], [Interval], [MetricConfiguration_Id]) VALUES (N'5715ce00-ff27-45c8-8a57-5a6d012f67a1', NULL, -1, NULL, NULL, NULL, 1, 1, N'656c1e0d-b2c7-4f4d-8a4e-f2cdf3fff5c0')
INSERT [dbo].[Schedules] ([Id], [Day], [DayOfWeek], [Hour], [Month], [Minute], [ScheduleType_Id], [Interval], [MetricConfiguration_Id]) VALUES (N'836d3663-ae0c-4bb3-9991-62bd44673aa7', NULL, -1, NULL, NULL, NULL, 1, 1, N'e193470c-9fd7-4ca3-b944-bdcc1c3a7b4f')
INSERT [dbo].[Schedules] ([Id], [Day], [DayOfWeek], [Hour], [Month], [Minute], [ScheduleType_Id], [Interval], [MetricConfiguration_Id]) VALUES (N'9705ec48-5d01-4529-8820-6314942442c8', NULL, -1, NULL, NULL, NULL, 1, 1, N'b9a7626b-1cd1-4a11-814e-ad56954e9f0b')
INSERT [dbo].[Schedules] ([Id], [Day], [DayOfWeek], [Hour], [Month], [Minute], [ScheduleType_Id], [Interval], [MetricConfiguration_Id]) VALUES (N'eae4f82d-47c1-4fa5-ab0b-6468c781d6cc', NULL, -1, NULL, NULL, NULL, 1, 1, N'eeaec0b3-29f2-426e-bde1-5a5e38ec1dc9')
INSERT [dbo].[Schedules] ([Id], [Day], [DayOfWeek], [Hour], [Month], [Minute], [ScheduleType_Id], [Interval], [MetricConfiguration_Id]) VALUES (N'13dd38e4-f2e2-4bfc-8869-6806c0565ff3', NULL, -1, NULL, NULL, NULL, 1, 1, N'bdd36e19-8a41-4bdb-ab19-a2dfdc715c60')
INSERT [dbo].[Schedules] ([Id], [Day], [DayOfWeek], [Hour], [Month], [Minute], [ScheduleType_Id], [Interval], [MetricConfiguration_Id]) VALUES (N'4ce6c75c-fd14-497f-be51-689ccb2b02de', NULL, -1, NULL, NULL, NULL, 1, 1, N'1627a295-908a-450a-a4e7-49749a616b89')
INSERT [dbo].[Schedules] ([Id], [Day], [DayOfWeek], [Hour], [Month], [Minute], [ScheduleType_Id], [Interval], [MetricConfiguration_Id]) VALUES (N'bbe84c44-2f71-4187-9a9e-6d0dff3a4c7f', NULL, -1, NULL, NULL, NULL, 1, 1, N'406bb4cb-3d9d-44aa-b9bf-6141616c57da')
INSERT [dbo].[Schedules] ([Id], [Day], [DayOfWeek], [Hour], [Month], [Minute], [ScheduleType_Id], [Interval], [MetricConfiguration_Id]) VALUES (N'b08a346b-8f8a-4f77-8424-7928db362052', NULL, -1, NULL, NULL, NULL, 1, 1, N'7c3171ff-f245-4ba0-aa2b-79627dd9997e')
INSERT [dbo].[Schedules] ([Id], [Day], [DayOfWeek], [Hour], [Month], [Minute], [ScheduleType_Id], [Interval], [MetricConfiguration_Id]) VALUES (N'ae65adf2-bc49-4fa0-aae8-7de31c619125', NULL, -1, NULL, NULL, NULL, 1, 1, N'7589570f-1970-4a24-ab8b-2d3766623934')
INSERT [dbo].[Schedules] ([Id], [Day], [DayOfWeek], [Hour], [Month], [Minute], [ScheduleType_Id], [Interval], [MetricConfiguration_Id]) VALUES (N'75fcf766-6101-4b6b-8170-80ab4500af84', NULL, -1, NULL, NULL, NULL, 1, 1, N'4a80fb8f-52aa-4aff-a647-31b62308ae64')
INSERT [dbo].[Schedules] ([Id], [Day], [DayOfWeek], [Hour], [Month], [Minute], [ScheduleType_Id], [Interval], [MetricConfiguration_Id]) VALUES (N'2f82fb0f-1a89-4d82-a2a7-8c3ee3578979', NULL, -1, NULL, NULL, NULL, 1, 1, N'e9a058a9-330d-4f3c-959c-a3d23109328a')
INSERT [dbo].[Schedules] ([Id], [Day], [DayOfWeek], [Hour], [Month], [Minute], [ScheduleType_Id], [Interval], [MetricConfiguration_Id]) VALUES (N'1c72ae28-5c28-4721-8acf-9d2ef902169c', NULL, -1, NULL, NULL, NULL, 1, 1, N'd7a1b096-7837-4664-bed7-ab012c6d2293')
INSERT [dbo].[Schedules] ([Id], [Day], [DayOfWeek], [Hour], [Month], [Minute], [ScheduleType_Id], [Interval], [MetricConfiguration_Id]) VALUES (N'c50c6c3b-ae6b-4610-ba08-a4a3b82f32a1', NULL, -1, NULL, NULL, NULL, 1, 1, N'dce81481-ff04-46e8-9414-e3923438e342')
INSERT [dbo].[Schedules] ([Id], [Day], [DayOfWeek], [Hour], [Month], [Minute], [ScheduleType_Id], [Interval], [MetricConfiguration_Id]) VALUES (N'ea398843-b2b6-4720-8e78-af4d8a3865f5', NULL, -1, NULL, NULL, NULL, 1, 1, N'ad0af463-415e-46b4-bdab-c676f62dbd66')
INSERT [dbo].[Schedules] ([Id], [Day], [DayOfWeek], [Hour], [Month], [Minute], [ScheduleType_Id], [Interval], [MetricConfiguration_Id]) VALUES (N'a386701b-e217-4273-9efe-af6c3541acec', NULL, -1, NULL, NULL, NULL, 1, 1, N'12dcd9b2-4ecc-4f43-af10-95e8f5fd1f78')
INSERT [dbo].[Schedules] ([Id], [Day], [DayOfWeek], [Hour], [Month], [Minute], [ScheduleType_Id], [Interval], [MetricConfiguration_Id]) VALUES (N'28e377b3-4289-464b-a172-bdb9db4872c5', NULL, -1, NULL, NULL, NULL, 1, 1, N'7851b31f-46c6-4fb5-9b50-ef330486b349')
INSERT [dbo].[Schedules] ([Id], [Day], [DayOfWeek], [Hour], [Month], [Minute], [ScheduleType_Id], [Interval], [MetricConfiguration_Id]) VALUES (N'7765572b-37cf-41bc-b7ce-be6aa9563ec6', NULL, -1, NULL, NULL, NULL, 1, 1, N'e030f041-02ff-4db1-812d-f444d35b50bf')
INSERT [dbo].[Schedules] ([Id], [Day], [DayOfWeek], [Hour], [Month], [Minute], [ScheduleType_Id], [Interval], [MetricConfiguration_Id]) VALUES (N'eda75518-63b4-4935-9ea6-bf3e2749618e', NULL, -1, NULL, NULL, NULL, 1, 1, N'1e458a43-9eb8-4462-be87-d60f1d38736e')
INSERT [dbo].[Schedules] ([Id], [Day], [DayOfWeek], [Hour], [Month], [Minute], [ScheduleType_Id], [Interval], [MetricConfiguration_Id]) VALUES (N'e4c70a15-c1ea-4451-b2b4-c07bed4fcf72', NULL, -1, NULL, NULL, NULL, 1, 1, N'2ab682e2-28fa-411b-bbb1-c92d788408a9')
INSERT [dbo].[Schedules] ([Id], [Day], [DayOfWeek], [Hour], [Month], [Minute], [ScheduleType_Id], [Interval], [MetricConfiguration_Id]) VALUES (N'ee15ca72-c3f1-433c-9668-c4091c4f244a', NULL, -1, NULL, NULL, NULL, 1, 1, N'707ee1c9-c8f0-4cfb-bbed-c095774c38a2')
INSERT [dbo].[Schedules] ([Id], [Day], [DayOfWeek], [Hour], [Month], [Minute], [ScheduleType_Id], [Interval], [MetricConfiguration_Id]) VALUES (N'daaf7165-519e-4e66-9c30-c5eea832c3d1', NULL, -1, NULL, NULL, NULL, 1, 1, N'e90a44bd-e593-4245-94bb-82e5f6a8ca28')
INSERT [dbo].[Schedules] ([Id], [Day], [DayOfWeek], [Hour], [Month], [Minute], [ScheduleType_Id], [Interval], [MetricConfiguration_Id]) VALUES (N'd9de2e96-b85b-41af-a962-c6d1005c4565', NULL, -1, NULL, NULL, NULL, 1, 1, N'32add932-88ca-476c-abc7-f199679c7c1c')
INSERT [dbo].[Schedules] ([Id], [Day], [DayOfWeek], [Hour], [Month], [Minute], [ScheduleType_Id], [Interval], [MetricConfiguration_Id]) VALUES (N'd6228ea0-642e-4fc6-9bcb-c7b8e72f6778', NULL, -1, NULL, NULL, NULL, 1, 1, N'5762553e-339e-4064-be11-2b96964ba9ce')
INSERT [dbo].[Schedules] ([Id], [Day], [DayOfWeek], [Hour], [Month], [Minute], [ScheduleType_Id], [Interval], [MetricConfiguration_Id]) VALUES (N'8f0348e8-7dce-41d8-ad41-ce6557f4b6dd', NULL, -1, NULL, NULL, NULL, 1, 1, N'c387fc51-903d-478b-b8e2-d3220b84fbfa')
INSERT [dbo].[Schedules] ([Id], [Day], [DayOfWeek], [Hour], [Month], [Minute], [ScheduleType_Id], [Interval], [MetricConfiguration_Id]) VALUES (N'322d745b-b4e4-4ff7-812e-d08a49ea59f7', NULL, -1, NULL, NULL, NULL, 1, 1, N'bf00d76d-93d6-4ddf-a12b-76231b7433e3')
INSERT [dbo].[Schedules] ([Id], [Day], [DayOfWeek], [Hour], [Month], [Minute], [ScheduleType_Id], [Interval], [MetricConfiguration_Id]) VALUES (N'00d7828a-66a6-4620-80e7-e212d320da50', NULL, -1, NULL, NULL, NULL, 1, 1, N'3c4570bd-fdd7-4efc-a828-9f89690605ac')
INSERT [dbo].[Schedules] ([Id], [Day], [DayOfWeek], [Hour], [Month], [Minute], [ScheduleType_Id], [Interval], [MetricConfiguration_Id]) VALUES (N'20299bd6-97e2-448f-8a0a-e434fbccd597', NULL, -1, NULL, NULL, NULL, 1, 1, N'ca127693-4ced-4469-8107-373ec9259e3d')
INSERT [dbo].[Schedules] ([Id], [Day], [DayOfWeek], [Hour], [Month], [Minute], [ScheduleType_Id], [Interval], [MetricConfiguration_Id]) VALUES (N'1d7d5d83-5f2d-4e20-98cf-e6e84704dac5', NULL, -1, NULL, NULL, NULL, 1, 1, N'cca74cb4-6447-413f-ad5c-4aca19e5f531')
INSERT [dbo].[Schedules] ([Id], [Day], [DayOfWeek], [Hour], [Month], [Minute], [ScheduleType_Id], [Interval], [MetricConfiguration_Id]) VALUES (N'c3b1bb15-c1f8-4215-a83d-ea9ea629fec7', NULL, -1, NULL, NULL, NULL, 1, 1, N'f10a938c-1b79-4df7-bd52-f8633f908340')
INSERT [dbo].[Schedules] ([Id], [Day], [DayOfWeek], [Hour], [Month], [Minute], [ScheduleType_Id], [Interval], [MetricConfiguration_Id]) VALUES (N'e5ea8d81-19ae-4145-96d8-eb2671a74705', NULL, -1, NULL, NULL, NULL, 1, 1, N'30f6993c-cda0-4e96-9f67-c76ad85f51e7')
INSERT [dbo].[Schedules] ([Id], [Day], [DayOfWeek], [Hour], [Month], [Minute], [ScheduleType_Id], [Interval], [MetricConfiguration_Id]) VALUES (N'c862593a-c554-4c92-ae50-f4f11b781c54', NULL, -1, NULL, NULL, NULL, 1, 1, N'02c43406-29d6-4556-bd0a-5d8309d3e7d9')
/****** Object:  Table [dbo].[MetricThresholds]    Script Date: 11/30/2011 11:07:21 ******/
INSERT [dbo].[MetricThresholds] ([Id], [CeilingValue], [FloorValue], [MatchValue], [NumberOfOccurrences], [Severity_Value], [ThresholdComparisonFunction_Value], [ThresholdValueType_Value], [TimePeriod], [MetricConfiguration_Id]) VALUES (N'21733650-9e68-4687-904d-0d74901d4cb6', 1000, 0, NULL, 0, 1, 1, 0, 0, N'd7a1b096-7837-4664-bed7-ab012c6d2293')
INSERT [dbo].[MetricThresholds] ([Id], [CeilingValue], [FloorValue], [MatchValue], [NumberOfOccurrences], [Severity_Value], [ThresholdComparisonFunction_Value], [ThresholdValueType_Value], [TimePeriod], [MetricConfiguration_Id]) VALUES (N'c2391cbf-3126-466c-b41a-2777e840a65e', 100, 1, NULL, 1, 1, 1, 1, -1, N'cca74cb4-6447-413f-ad5c-4aca19e5f531')
INSERT [dbo].[MetricThresholds] ([Id], [CeilingValue], [FloorValue], [MatchValue], [NumberOfOccurrences], [Severity_Value], [ThresholdComparisonFunction_Value], [ThresholdValueType_Value], [TimePeriod], [MetricConfiguration_Id]) VALUES (N'891e5708-2308-42b6-8196-33ca7ff846f8', 0, 0, N'^((?!Successful).)*$', 1, 2, 2, 0, -1, N'656c1e0d-b2c7-4f4d-8a4e-f2cdf3fff5c0')
INSERT [dbo].[MetricThresholds] ([Id], [CeilingValue], [FloorValue], [MatchValue], [NumberOfOccurrences], [Severity_Value], [ThresholdComparisonFunction_Value], [ThresholdValueType_Value], [TimePeriod], [MetricConfiguration_Id]) VALUES (N'3e1913ea-940c-45c2-a38c-350ac47cc899', 1, -1, NULL, 1, 1, 1, 0, -1, N'acdb662a-49e0-4bac-a6e5-597527e51e3d')
INSERT [dbo].[MetricThresholds] ([Id], [CeilingValue], [FloorValue], [MatchValue], [NumberOfOccurrences], [Severity_Value], [ThresholdComparisonFunction_Value], [ThresholdValueType_Value], [TimePeriod], [MetricConfiguration_Id]) VALUES (N'd34141ae-1114-4b0c-b03f-362f6391e3a2', 0, 0, N'Not Running', 1, 1, 2, 0, -1, N'49a4d99e-7ded-4d04-b89c-8c8f75d95784')
INSERT [dbo].[MetricThresholds] ([Id], [CeilingValue], [FloorValue], [MatchValue], [NumberOfOccurrences], [Severity_Value], [ThresholdComparisonFunction_Value], [ThresholdValueType_Value], [TimePeriod], [MetricConfiguration_Id]) VALUES (N'8a5a0e0e-1a11-40e7-9450-398af0b9d405', 100, 0, NULL, 1, 1, 1, 1, -1, N'3c4570bd-fdd7-4efc-a828-9f89690605ac')
INSERT [dbo].[MetricThresholds] ([Id], [CeilingValue], [FloorValue], [MatchValue], [NumberOfOccurrences], [Severity_Value], [ThresholdComparisonFunction_Value], [ThresholdValueType_Value], [TimePeriod], [MetricConfiguration_Id]) VALUES (N'aab09e68-503b-42c0-90cb-3a9d11d0f174', 2, 1, NULL, 1, 1, 1, 0, -1, N'f10a938c-1b79-4df7-bd52-f8633f908340')
INSERT [dbo].[MetricThresholds] ([Id], [CeilingValue], [FloorValue], [MatchValue], [NumberOfOccurrences], [Severity_Value], [ThresholdComparisonFunction_Value], [ThresholdValueType_Value], [TimePeriod], [MetricConfiguration_Id]) VALUES (N'0f429247-8c62-42c1-8ac8-4da5be1bd58e', 9999999, 2, NULL, 1, 1, 1, 0, -1, N'bdd36e19-8a41-4bdb-ab19-a2dfdc715c60')
INSERT [dbo].[MetricThresholds] ([Id], [CeilingValue], [FloorValue], [MatchValue], [NumberOfOccurrences], [Severity_Value], [ThresholdComparisonFunction_Value], [ThresholdValueType_Value], [TimePeriod], [MetricConfiguration_Id]) VALUES (N'9371209e-0e3f-4f47-aa5a-5e63b4a47114', 1E+10, 20, NULL, 0, 1, 1, 0, 0, N'869b6afc-4d98-4932-9902-5f99d1a665f2')
INSERT [dbo].[MetricThresholds] ([Id], [CeilingValue], [FloorValue], [MatchValue], [NumberOfOccurrences], [Severity_Value], [ThresholdComparisonFunction_Value], [ThresholdValueType_Value], [TimePeriod], [MetricConfiguration_Id]) VALUES (N'6f9e119b-3e2f-4083-9a99-5fec30fc05ad', 0, 0, N'^((?!Successful).)*$', 0, 1, 2, 0, 0, N'707ee1c9-c8f0-4cfb-bbed-c095774c38a2')
INSERT [dbo].[MetricThresholds] ([Id], [CeilingValue], [FloorValue], [MatchValue], [NumberOfOccurrences], [Severity_Value], [ThresholdComparisonFunction_Value], [ThresholdValueType_Value], [TimePeriod], [MetricConfiguration_Id]) VALUES (N'6c97e693-6242-447b-9938-601a6fefdc0c', 0, 0, N'^((?!ONLINE).)*$', 1, 1, 2, 0, -1, N'30f6993c-cda0-4e96-9f67-c76ad85f51e7')
INSERT [dbo].[MetricThresholds] ([Id], [CeilingValue], [FloorValue], [MatchValue], [NumberOfOccurrences], [Severity_Value], [ThresholdComparisonFunction_Value], [ThresholdValueType_Value], [TimePeriod], [MetricConfiguration_Id]) VALUES (N'fde97c4e-aeb3-4d18-ad9f-611c0cacd7f4', 100, 1, NULL, 2, 1, 1, 1, 10, N'7c3171ff-f245-4ba0-aa2b-79627dd9997e')
INSERT [dbo].[MetricThresholds] ([Id], [CeilingValue], [FloorValue], [MatchValue], [NumberOfOccurrences], [Severity_Value], [ThresholdComparisonFunction_Value], [ThresholdValueType_Value], [TimePeriod], [MetricConfiguration_Id]) VALUES (N'8556c0da-528e-4375-85b1-7aa594055ebb', -1, -1, NULL, 1, 1, 1, 0, -1, N'bdd36e19-8a41-4bdb-ab19-a2dfdc715c60')
INSERT [dbo].[MetricThresholds] ([Id], [CeilingValue], [FloorValue], [MatchValue], [NumberOfOccurrences], [Severity_Value], [ThresholdComparisonFunction_Value], [ThresholdValueType_Value], [TimePeriod], [MetricConfiguration_Id]) VALUES (N'cd639f7f-20e7-4dd9-b7fa-7c12e5b11751', -1, -1, NULL, 0, 9, 1, 0, 0, N'869b6afc-4d98-4932-9902-5f99d1a665f2')
INSERT [dbo].[MetricThresholds] ([Id], [CeilingValue], [FloorValue], [MatchValue], [NumberOfOccurrences], [Severity_Value], [ThresholdComparisonFunction_Value], [ThresholdValueType_Value], [TimePeriod], [MetricConfiguration_Id]) VALUES (N'0d5d68c1-d09f-4afc-b7a0-830223a254e8', -1, 0, NULL, 1, 1, 1, 0, -1, N'7589570f-1970-4a24-ab8b-2d3766623934')
INSERT [dbo].[MetricThresholds] ([Id], [CeilingValue], [FloorValue], [MatchValue], [NumberOfOccurrences], [Severity_Value], [ThresholdComparisonFunction_Value], [ThresholdValueType_Value], [TimePeriod], [MetricConfiguration_Id]) VALUES (N'5343c025-769d-45b0-a8e4-835893de5073', 0, 0, N'^((?!ONLINE).)*$', 1, 2, 2, 0, -1, N'1e458a43-9eb8-4462-be87-d60f1d38736e')
INSERT [dbo].[MetricThresholds] ([Id], [CeilingValue], [FloorValue], [MatchValue], [NumberOfOccurrences], [Severity_Value], [ThresholdComparisonFunction_Value], [ThresholdValueType_Value], [TimePeriod], [MetricConfiguration_Id]) VALUES (N'ad05082c-72c9-4f43-a623-847e9123ded8', 0, 0, N'^((?!Running).)*$', 1, 1, 2, 0, -1, N'4a80fb8f-52aa-4aff-a647-31b62308ae64')
INSERT [dbo].[MetricThresholds] ([Id], [CeilingValue], [FloorValue], [MatchValue], [NumberOfOccurrences], [Severity_Value], [ThresholdComparisonFunction_Value], [ThresholdValueType_Value], [TimePeriod], [MetricConfiguration_Id]) VALUES (N'a911796f-cfcb-4f1a-a2a7-9c74a6537aa2', 0, 0, N'^((?!Successful).)*$', 0, 1, 2, 0, 0, N'c387fc51-903d-478b-b8e2-d3220b84fbfa')
INSERT [dbo].[MetricThresholds] ([Id], [CeilingValue], [FloorValue], [MatchValue], [NumberOfOccurrences], [Severity_Value], [ThresholdComparisonFunction_Value], [ThresholdValueType_Value], [TimePeriod], [MetricConfiguration_Id]) VALUES (N'6417f15c-8a49-474b-bb48-bd1f4fd82461', 6, 0, NULL, 0, 1, 1, 0, 0, N'2ab682e2-28fa-411b-bbb1-c92d788408a9')
INSERT [dbo].[MetricThresholds] ([Id], [CeilingValue], [FloorValue], [MatchValue], [NumberOfOccurrences], [Severity_Value], [ThresholdComparisonFunction_Value], [ThresholdValueType_Value], [TimePeriod], [MetricConfiguration_Id]) VALUES (N'52c6b797-8923-4176-b396-c2204c142796', -1, -1, NULL, 1, 1, 1, 0, -1, N'ca127693-4ced-4469-8107-373ec9259e3d')
INSERT [dbo].[MetricThresholds] ([Id], [CeilingValue], [FloorValue], [MatchValue], [NumberOfOccurrences], [Severity_Value], [ThresholdComparisonFunction_Value], [ThresholdValueType_Value], [TimePeriod], [MetricConfiguration_Id]) VALUES (N'6ca501ce-92ac-483b-bd99-c4479fc9929d', 0, 0, N'^((?!ONLINE).)*$', 1, 1, 2, 0, -1, N'12dcd9b2-4ecc-4f43-af10-95e8f5fd1f78')
INSERT [dbo].[MetricThresholds] ([Id], [CeilingValue], [FloorValue], [MatchValue], [NumberOfOccurrences], [Severity_Value], [ThresholdComparisonFunction_Value], [ThresholdValueType_Value], [TimePeriod], [MetricConfiguration_Id]) VALUES (N'b4a9440d-2359-4221-b2ef-cd9506928738', 6, 5, NULL, 0, 1, 1, 0, 0, N'5762553e-339e-4064-be11-2b96964ba9ce')
INSERT [dbo].[MetricThresholds] ([Id], [CeilingValue], [FloorValue], [MatchValue], [NumberOfOccurrences], [Severity_Value], [ThresholdComparisonFunction_Value], [ThresholdValueType_Value], [TimePeriod], [MetricConfiguration_Id]) VALUES (N'3b3c6ea2-6e50-4b3a-9665-d14ecdf804f4', 6, 5, NULL, 1, 1, 1, 0, -1, N'406bb4cb-3d9d-44aa-b9bf-6141616c57da')
INSERT [dbo].[MetricThresholds] ([Id], [CeilingValue], [FloorValue], [MatchValue], [NumberOfOccurrences], [Severity_Value], [ThresholdComparisonFunction_Value], [ThresholdValueType_Value], [TimePeriod], [MetricConfiguration_Id]) VALUES (N'952d094c-4fcb-4b54-9cda-d20617e672e6', 0, 0, N'Not Running', 0, 1, 2, 0, -1, N'7851b31f-46c6-4fb5-9b50-ef330486b349')
INSERT [dbo].[MetricThresholds] ([Id], [CeilingValue], [FloorValue], [MatchValue], [NumberOfOccurrences], [Severity_Value], [ThresholdComparisonFunction_Value], [ThresholdValueType_Value], [TimePeriod], [MetricConfiguration_Id]) VALUES (N'07f0eb3c-7491-4ff8-b56c-d49c7da1660a', 0, 0, N'Login failed', 1, 1, 2, 0, -1, N'd19ef857-2f57-4d78-a801-35cdd65cfe3b')
INSERT [dbo].[MetricThresholds] ([Id], [CeilingValue], [FloorValue], [MatchValue], [NumberOfOccurrences], [Severity_Value], [ThresholdComparisonFunction_Value], [ThresholdValueType_Value], [TimePeriod], [MetricConfiguration_Id]) VALUES (N'6da0d14d-c8ab-4c4b-bfd1-d86d1b087b34', 5, 1, NULL, 1, 1, 1, 0, -1, N'ad0af463-415e-46b4-bdab-c676f62dbd66')
INSERT [dbo].[MetricThresholds] ([Id], [CeilingValue], [FloorValue], [MatchValue], [NumberOfOccurrences], [Severity_Value], [ThresholdComparisonFunction_Value], [ThresholdValueType_Value], [TimePeriod], [MetricConfiguration_Id]) VALUES (N'57c48211-920a-4337-b201-eb2fca1ec3c8', 0, 0, N'^((?Not Running).)*$', 1, 1, 2, 0, -1, N'dff9d518-2f69-4b9a-b079-a925327c45ad')
INSERT [dbo].[MetricThresholds] ([Id], [CeilingValue], [FloorValue], [MatchValue], [NumberOfOccurrences], [Severity_Value], [ThresholdComparisonFunction_Value], [ThresholdValueType_Value], [TimePeriod], [MetricConfiguration_Id]) VALUES (N'0b7ba522-0796-4cf9-a053-ee9c23ed1923', 6, 5, NULL, 1, 1, 1, 0, -1, N'ddc924fa-4be1-42ae-af2e-4192468e7bca')
*/